snack,n_node,split,split_index
v1_v1_v1_v4_v4_v5_v1_v7_v1_v2_v8_v1_v2_v,14,val,0
v1_v1_v1_v1_v1_v1_v1_v1_v1_v1_v1_v12_v1_v2_v3_v4_v5_v6_v7_v8_v9_v19_v1_v2_v3_v23_v22_v1_v2_v25_v25_v26_v1_v2_v3_v4_v5_v6_v7_v34_v1_v35_v1_v2_v3_v4_v40_v1_v2_v3_v4_v5_v6_v46_v47_v1_v48_v1_v2_v3_v4_v5_v6_v7_v8_v9_v10_v11_v12_v13_v14_v63_v1_v2_v66_v1_v2_v3_v4_v71_v1_v2_v3_v4_v5_v6_v77_v1_v2_v3_v81_v1_v2_v3_v4_v,96,val,1
v1_v1_v1_v1_v1_v1_v1_v1_v1_v10_v11_v11_v1_v2_v3_v4_v16_v1_v18_v19_v20_v20_v1_v21_v22_v23_v1_v2_v3_v4_v25_v26_v1_v2_v3_v29_v1_v2_v3_v4_v5_v6_v7_v8_v37_v1_v2_v3_v4_v5_v6_v7_v45_v45_v1_v2_v48_v,58,val,2
v1_v1_v1_v1_v1_v1_v1_v1_v1_v1_v1_v1_v13_v1_v15_v16_v17_v1_v2_v3_v4_v5_v6_v7_v8_v9_v10_v11_v12_v13_v30_v1_v30_v1_v2_v31_v31_v32_v1_v2_v3_v4_v5_v6_v7_v40_v1_v42_v43_v44_v1_v2_v47_v1_v48_v1_v50_v51_v52_v1_v54_v1_v2_v3_v4_v57_v1_v59_v1_v2_v62_v62_v1_v2_v3_v4_v5_v68_v1_v70_v71_v71_v1_v73_v1_v75_v76_v1_v2_v3_v4_v80_v1_v2_v,95,val,3
v1_v1_v1_v1_v1_v1_v1_v8_v1_v10_v1_v2_v3_v4_v15_v1_v2_v17_v17_v18_v18_v19_v20_v21_v1_v2_v3_v4_v5_v6_v7_v8_v30_v1_v2_v3_v33_v34_v35_v1_v36_v36_v37_v1_v2_v3_v4_v5_v6_v7_v8_v46_v1_v2_v3_v4_v5_v6_v7_v54_v55_v56_v57_v1_v2_v3_v4_v62_v1_v2_v3_v4_v5_v6_v7_v8_v9_v10_v11_v12_v74_v1_v2_v3_v,85,val,4
v1_v1_v1_v1_v1_v1_v1_v1_v1_v1_v1_v1_v1_v1_v1_v15_v1_v2_v3_v4_v5_v6_v22_v1_v2_v3_v4_v5_v6_v27_v1_v2_v3_v31_v31_v1_v2_v3_v35_v35_v1_v2_v3_v4_v5_v41_v1_v2_v44_v42_v43_v44_v1_v44_v1_v46_v1_v48_v1_v2_v3_v4_v5_v6_v7_v53_v1_v55_v1_v2_v3_v4_v,73,val,5
v1_v1_v2_v4_v5_v1_v2_v3_v4_v5_v6_v7_v13_v1_v2_v3_v4_v5_v,19,val,6
v1_v2_v3_v3_v1_v2_v3_v4_v8_v9_v1_v2_v3_v,14,val,7
v1_v1_v1_v2_v3_v4_v5_v6_v8_v1_v2_v11_v1_v2_v3_v4_v5_v,18,val,8
v1_v1_v1_v1_v1_v1_v1_v1_v9_v1_v2_v3_v13_v14_v15_v1_v15_v1_v17_v18_v1_v20_v21_v1_v2_v3_v4_v26_v1_v2_v3_v4_v5_v6_v7_v8_v9_v36_v1_v2_v3_v4_v5_v42_v1_v2_v3_v46_v1_v2_v49_v50_v51_v1_v2_v3_v4_v56_v1_v57_v57_v1_v59_v58_v1_v60_v1_v2_v3_v64_v64_v65_v66_v1_v2_v69_v70_v1_v,79,val,9
v1_v2_v1_v2_v5_v6_v1_v2_v3_v4_v,11,val,10
v1_v1_v1_v1_v1_v1_v1_v8_v1_v10_v10_v1_v2_v3_v14_v1_v2_v16_v17_v1_v2_v3_v4_v5_v23_v1_v25_v1_v27_v1_v2_v30_v1_v2_v3_v4_v5_v6_v7_v8_v9_v40_v1_v41_v1_v2_v3_v44_v1_v2_v47_v1_v2_v3_v4_v5_v52_v1_v2_v3_v56_v1_v58_v1_v2_v60_v60_v1_v,69,val,11
v1_v1_v1_v1_v1_v1_v1_v1_v1_v1_v1_v10_v1_v2_v3_v11_v12_v1_v14_v1_v14_v15_v1_v14_v1_v2_v3_v18_v1_v20_v1_v2_v3_v4_v5_v,36,val,12
v1_v1_v1_v1_v1_v6_v1_v2_v3_v4_v11_v1_v13_v12_v1_v2_v3_v4_v16_v17_v1_v2_v20_v1_v2_v22_v1_v23_v24_v1_v2_v3_v28_v,34,val,13
v1_v1_v1_v1_v1_v1_v1_v1_v1_v1_v1_v1_v1_v1_v14_v15_v1_v2_v3_v19_v20_v21_v1_v2_v3_v4_v26_v1_v2_v3_v4_v5_v6_v7_v8_v9_v33_v34_v1_v34_v35_v1_v2_v3_v4_v5_v41_v1_v43_v44_v44_v45_v45_v1_v2_v3_v4_v5_v6_v50_v1_v52_v1_v54_v1_v2_v3_v4_v5_v6_v7_v62_v1_v64_v1_v2_v67_v68_v69_v1_v71_v72_v1_v2_v3_v4_v5_v6_v7_v8_v81_v81_v1_v2_v84_v83_v1_v,98,val,14
v1_v1_v1_v1_v1_v1_v1_v8_v1_v2_v3_v11_v1_v2_v3_v4_v5_v6_v7_v8_v9_v10_v22_v22_v1_v2_v3_v4_v5_v6_v7_v29_v1_v2_v3_v4_v33_v34_v1_v2_v3_v4_v5_v6_v7_v8_v43_v1_v2_v3_v4_v5_v6_v50_v1_v2_v3_v4_v5_v6_v7_v58_v1_v2_v60_v61_v1_v63_v1_v64_v65_v1_v2_v3_v69_v1_v2_v3_v4_v5_v74_v1_v2_v3_v4_v79_v1_v2_v82_v1_v,91,val,15
v1_v1_v1_v1_v1_v6_v5_v1_v7_v1_v9_v8_v1_v2_v3_v4_v13_v14_v1_v2_v3_v4_v5_v6_v7_v22_v1_v2_v24_v,30,val,16
v1_v1_v1_v1_v1_v1_v1_v8_v1_v2_v3_v4_v5_v6_v7_v8_v9_v10_v11_v18_v1_v2_v3_v4_v21_v21_v1_v2_v24_v25_v26_v1_v28_v1_v2_v3_v4_v33_v1_v2_v3_v4_v5_v6_v40_v41_v41_v1_v2_v3_v4_v46_v47_v1_v2_v3_v4_v5_v6_v7_v8_v9_v10_v11_v12_v13_v14_v15_v16_v17_v65_v,72,val,17
v1_v1_v1_v1_v1_v1_v1_v1_v8_v1_v2_v3_v12_v12_v12_v1_v2_v3_v15_v16_v1_v2_v3_v4_v5_v6_v7_v8_v25_v26_v1_v2_v3_v4_v5_v31_v31_v1_v2_v3_v4_v5_v6_v7_v8_v9_v10_v11_v12_v13_v44_v1_v46_v1_v2_v3_v49_v1_v2_v,60,val,18
v1_v1_v1_v1_v1_v1_v1_v8_v1_v8_v9_v1_v11_v1_v12_v1_v14_v1_v15_v1_v2_v18_v1_v2_v3_v4_v5_v6_v7_v26_v27_v28_v1_v2_v31_v1_v2_v33_v1_v35_v1_v2_v3_v4_v40_v1_v2_v3_v4_v5_v6_v47_v48_v1_v2_v3_v52_v51_v1_v2_v3_v55_v1_v57_v58_v1_v60_v1_v2_v63_v1_v2_v3_v,74,val,19
v1_v1_v2_v1_v4_v1_v2_v3_v8_v1_v2_v3_v4_v5_v6_v7_v8_v17_v18_v1_v2_v3_v4_v23_v1_v24_v1_v26_v1_v2_v3_v4_v5_v6_v7_v8_v9_v36_v37_v1_v2_v3_v41_v1_v2_v3_v4_v5_v,49,train,0
v1_v1_v1_v1_v1_v1_v1_v1_v1_v1_v1_v1_v13_v1_v2_v15_v16_v1_v2_v19_v20_v20_v1_v2_v3_v24_v1_v2_v3_v4_v29_v1_v2_v3_v4_v5_v6_v7_v37_v37_v1_v2_v3_v4_v5_v43_v1_v2_v3_v4_v48_v1_v50_v1_v2_v53_v54_v1_v2_v3_v4_v5_v60_v60_v1_v2_v63_v1_v64_v1_v2_v3_v68_v69_v1_v2_v72_v1_v74_v1_v2_v3_v75_v1_v76_v77_v78_v1_v2_v3_v81_v81_v82_v83_v1_v85_v,97,train,1
v1_v1_v1_v1_v1_v1_v7_v1_v2_v10_v1_v10_v1_v12_v1_v2_v3_v16_v1_v2_v3_v4_v21_v1_v2_v3_v4_v25_v1_v27_v1_v2_v3_v4_v5_v32_v33_v1_v35_v1_v2_v3_v4_v5_v6_v7_v8_v9_v10_v11_v47_v1_v47_v1_v2_v3_v4_v5_v6_v7_v8_v9_v10_v11_v12_v13_v14_v15_v63_v1_v65_v1_v67_v1_v2_v3_v4_v5_v6_v7_v8_v9_v,83,train,2
v1_v1_v2_v4_v1_v2_v3_v4_v5_v6_v7_v12_v13_v1_v2_v3_v4_v5_v6_v7_v8_v22_v1_v,24,train,3
v1_v1_v1_v1_v1_v1_v1_v8_v9_v1_v2_v3_v4_v5_v6_v7_v17_v18_v1_v2_v3_v4_v5_v6_v7_v8_v9_v28_v1_v2_v3_v32_v1_v34_v1_v2_v3_v4_v5_v6_v7_v8_v43_v1_v2_v3_v47_v1_v2_v49_v50_v49_v50_v51_v1_v2_v3_v4_v5_v6_v57_v1_v2_v3_v60_v1_v2_v3_v4_v5_v6_v67_v1_v2_v3_v4_v5_v6_v7_v8_v9_v10_v11_v12_v79_v,86,train,4
v1_v1_v1_v1_v1_v6_v7_v1_v9_v1_v10_v1_v2_v3_v4_v5_v6_v16_v17_v1_v19_v20_v1_v2_v23_v22_v1_v2_v3_v25_v26_v1_v2_v3_v4_v31_v32_v33_v1_v2_v36_v1_v2_v3_v40_v41_v1_v2_v3_v4_v5_v6_v7_v8_v9_v10_v52_v1_v2_v3_v,61,train,5
v1_v1_v3_v1_v2_v3_v4_v5_v6_v10_v1_v2_v3_v4_v15_v1_v15_v1_v2_v18_v1_v,22,train,6
v1_v1_v1_v1_v5_v1_v2_v3_v9_v10_v1_v12_v1_v2_v3_v14_v1_v2_v3_v4_v19_v1_v21_v1_v2_v3_v25_v1_v27_v28_v29_v30_v1_v31_v1_v33_v1_v34_v1_v2_v3_v38_v1_v2_v3_v,46,train,7
v1_v1_v1_v1_v1_v1_v1_v1_v1_v1_v3_v1_v2_v3_v7_v1_v2_v10_v11_v12_v12_v13_v1_v2_v3_v4_v5_v6_v19_v20_v1_v2_v3_v4_v25_v1_v27_v1_v2_v3_v4_v5_v6_v7_v35_v36_v1_v2_v3_v,50,train,8
v1_v1_v1_v1_v1_v1_v1_v1_v1_v1_v1_v12_v1_v13_v1_v2_v3_v4_v17_v1_v2_v20_v1_v22_v1_v2_v3_v4_v5_v6_v7_v8_v9_v31_v1_v2_v34_v1_v2_v37_v37_v33_v1_v2_v3_v4_v5_v6_v7_v8_v42_v1_v2_v45_v46_v1_v48_v1_v50_v50_v51_v1_v2_v3_v54_v1_v2_v3_v4_v5_v6_v61_v1_v63_v1_v2_v3_v,78,train,9
v1_v1_v1_v1_v1_v1_v1_v1_v1_v1_v1_v1_v13_v1_v2_v3_v16_v17_v1_v2_v20_v1_v2_v3_v24_v24_v25_v1_v2_v3_v29_v1_v2_v3_v4_v5_v6_v35_v1_v35_v36_v1_v38_v1_v40_v40_v1_v2_v3_v4_v5_v44_v1_v45_v1_v2_v3_v48_v49_v1_v51_v1_v2_v54_v55_v1_v2_v58_v1_v2_v3_v61_v1_v2_v3_v4_v5_v67_v68_v,80,train,10
v1_v1_v1_v1_v1_v1_v1_v1_v7_v1_v9_v1_v10_v1_v2_v3_v4_v5_v6_v7_v8_v9_v10_v11_v12_v13_v24_v1_v2_v27_v1_v2_v3_v4_v31_v1_v33_v1_v2_v35_v1_v2_v38_v1_v39_v1_v2_v3_v4_v44_v45_v1_v47_v1_v2_v3_v51_v1_v52_v1_v2_v3_v4_v56_v57_v1_v2_v3_v4_v62_v1_v64_v1_v2_v3_v4_v69_v,78,train,11
v1_v1_v1_v1_v1_v1_v5_v6_v7_v1_v9_v1_v2_v12_v1_v13_v1_v2_v3_v15_v1_v17_v1_v2_v3_v4_v22_v1_v24_v1_v2_v3_v4_v29_v1_v2_v32_v1_v2_v3_v4_v5_v6_v7_v,45,train,12
v1_v1_v1_v1_v1_v1_v1_v1_v1_v1_v1_v1_v1_v1_v1_v1_v1_v18_v1_v2_v3_v4_v23_v24_v24_v1_v2_v23_v23_v23_v21_v1_v2_v3_v4_v5_v6_v26_v1_v28_v1_v2_v3_v4_v5_v34_v1_v2_v37_v1_v2_v3_v41_v1_v2_v3_v4_v46_v1_v2_v3_v4_v5_v6_v7_v8_v54_v1_v55_v56_v,71,train,13
v1_v2_v2_v3_v1_v2_v3_v4_v8_v1_v10_v11_v,13,train,14
v1_v1_v1_v3_v1_v2_v3_v4_v8_v1_v2_v9_v1_v11_v12_v1_v2_v3_v4_v5_v,21,train,15
v1_v1_v1_v1_v1_v1_v1_v8_v1_v2_v3_v11_v1_v2_v3_v15_v1_v17_v1_v2_v20_v21_v22_v23_v23_v1_v2_v3_v4_v28_v1_v2_v3_v4_v5_v32_v33_v1_v35_v1_v2_v38_v1_v2_v41_v42_v1_v44_v1_v2_v46_v1_v2_v3_v4_v5_v6_v53_v1_v2_v3_v57_v1_v58_v1_v2_v3_v4_v63_v1_v2_v66_v67_v68_v68_v,76,train,16
v1_v1_v1_v1_v1_v1_v1_v8_v1_v10_v1_v2_v3_v4_v5_v6_v7_v8_v19_v20_v1_v2_v22_v1_v2_v3_v4_v5_v28_v1_v2_v30_v1_v32_v33_v34_v30_v1_v2_v3_v34_v35_v36_v37_v38_v1_v40_v41_v1_v,50,train,17
v1_v2_v1_v2_v3_v4_v5_v8_v1_v10_v1_v2_v3_v13_v,15,train,18
v1_v1_v1_v4_v1_v5_v6_v1_v2_v3_v4_v9_v1_v2_v3_v,16,train,19
v1_v1_v1_v1_v1_v1_v1_v1_v1_v1_v11_v1_v2_v3_v4_v14_v1_v16_v1_v18_v1_v2_v3_v22_v1_v2_v25_v25_v1_v27_v1_v29_v1_v31_v32_v1_v34_v34_v35_v36_v1_v2_v39_v1_v2_v3_v4_v5_v45_v1_v46_v1_v2_v3_v4_v,56,train,20
v1_v1_v1_v1_v5_v1_v2_v7_v1_v9_v1_v2_v3_v4_v5_v6_v7_v8_v9_v10_v11_v12_v22_v1_v2_v24_v25_v1_v2_v3_v29_v30_v1_v2_v3_v4_v5_v6_v35_v36_v1_v2_v,43,train,21
v1_v1_v2_v1_v2_v3_v5_v1_v7_v1_v9_v1_v2_v3_v,15,train,22
v1_v1_v1_v1_v4_v1_v2_v3_v4_v9_v1_v11_v1_v2_v14_v1_v16_v16_v16_v1_v2_v3_v4_v5_v6_v7_v8_v9_v25_v1_v2_v3_v,33,train,23
v1_v1_v2_v3_v4_v5_v6_v7_v8_v9_v10_v11_v12_v14_v1_v2_v3_v4_v5_v6_v21_v22_v1_v2_v3_v4_v5_v6_v7_v8_v31_v1_v33_v1_v,35,train,24
v1_v1_v1_v4_v5_v1_v2_v3_v4_v5_v11_v1_v2_v3_v4_v5_v17_v1_v2_v3_v4_v5_v6_v24_v1_v2_v27_v27_v1_v2_v3_v31_v1_v2_v3_v4_v5_v6_v38_v1_v2_v3_v4_v5_v6_v7_v8_v9_v48_v1_v2_v3_v4_v5_v6_v7_v8_v9_v58_v1_v2_v3_v4_v63_v1_v64_v1_v2_v3_v68_v1_v2_v,73,train,25
v1_v1_v1_v1_v1_v1_v1_v7_v1_v8_v1_v10_v11_v1_v2_v3_v4_v5_v6_v18_v1_v2_v3_v4_v23_v1_v25_v1_v27_v1_v2_v3_v4_v5_v6_v7_v8_v9_v37_v38_v1_v39_v39_v1_v2_v3_v4_v5_v6_v7_v8_v9_v10_v11_v12_v52_v1_v53_v54_v1_v56_v1_v2_v3_v4_v5_v6_v7_v8_v9_v10_v66_v1_v2_v3_v4_v5_v6_v73_v1_v75_v76_v1_v2_v3_v80_v80_v1_v2_v3_v4_v5_v86_v1_v2_v3_v4_v,98,train,26
v1_v1_v1_v4_v4_v1_v2_v6_v1_v2_v3_v4_v5_v12_v13_v13_v1_v2_v3_v4_v5_v6_v7_v21_v1_v2_v3_v4_v26_v1_v28_v1_v2_v3_v4_v33_v1_v2_v3_v37_v1_v2_v3_v4_v42_v43_v1_v,48,train,27
v1_v1_v1_v1_v1_v1_v1_v1_v9_v1_v2_v3_v12_v1_v13_v1_v2_v15_v15_v16_v1_v2_v3_v4_v5_v21_v1_v2_v3_v4_v5_v6_v7_v29_v1_v31_v1_v2_v34_v35_v1_v2_v3_v4_v5_v41_v1_v2_v42_v43_v44_v1_v45_v1_v2_v3_v4_v,58,train,28
v1_v1_v1_v1_v1_v1_v1_v4_v1_v6_v1_v2_v3_v9_v1_v2_v3_v4_v5_v14_v15_v15_v,23,train,29
v1_v1_v1_v1_v1_v1_v1_v7_v1_v9_v1_v11_v1_v2_v3_v15_v1_v2_v18_v1_v2_v3_v22_v1_v2_v24_v1_v2_v27_v1_v2_v3_v31_v1_v2_v32_v33_v34_v1_v2_v3_v4_v5_v6_v7_v8_v9_v10_v11_v12_v13_v14_v49_v49_v1_v51_v1_v53_v54_v1_v2_v57_v1_v2_v3_v4_v5_v63_v1_v2_v3_v4_v68_v1_v2_v3_v4_v73_v74_v1_v75_v1_v76_v1_v78_v79_v80_v1_v82_v,90,train,30
v1_v1_v1_v1_v5_v1_v7_v7_v1_v2_v3_v4_v5_v6_v7_v8_v9_v17_v16_v1_v2_v3_v4_v21_v1_v2_v3_v25_v1_v2_v3_v29_v1_v2_v32_v33_v1_v35_v,39,train,31
v1_v1_v1_v1_v1_v1_v7_v1_v9_v8_v1_v2_v11_v1_v2_v3_v13_v1_v2_v16_v1_v2_v18_v18_v1_v20_v1_v2_v23_v,30,train,32
v1_v1_v1_v1_v5_v6_v1_v2_v3_v4_v5_v6_v7_v8_v9_v10_v17_v18_v1_v2_v3_v4_v5_v6_v7_v8_v26_v1_v2_v27_v1_v2_v3_v4_v5_v6_v7_v34_v1_v2_v3_v4_v5_v40_v41_v1_v2_v3_v45_v1_v2_v48_v1_v2_v3_v4_v5_v54_v55_v56_v1_v2_v3_v60_v1_v2_v63_v,68,train,33
v1_v1_v3_v1_v2_v6_v1_v2_v3_v10_v1_v2_v,13,train,34
v1_v1_v1_v1_v1_v1_v5_v1_v2_v8_v1_v10_v1_v2_v3_v4_v5_v6_v7_v8_v18_v19_v1_v2_v22_v22_v22_v1_v24_v1_v2_v3_v4_v5_v6_v7_v8_v9_v10_v11_v12_v13_v14_v39_v1_v2_v3_v,48,train,35
v1_v1_v1_v1_v5_v1_v7_v8_v1_v10_v1_v2_v3_v13_v1_v2_v3_v4_v5_v19_v1_v21_v1_v2_v3_v4_v5_v6_v7_v8_v29_v29_v1_v2_v3_v4_v5_v35_v1_v2_v3_v4_v5_v6_v7_v42_v1_v2_v45_v46_v1_v2_v49_v1_v51_v,56,train,36
v1_v1_v1_v1_v1_v1_v1_v1_v1_v10_v10_v1_v12_v1_v2_v3_v4_v5_v6_v7_v20_v1_v2_v22_v1_v2_v3_v4_v5_v28_v1_v2_v3_v4_v5_v6_v7_v36_v37_v1_v2_v3_v4_v5_v6_v7_v8_v46_v1_v2_v47_v1_v49_v1_v2_v52_v1_v2_v3_v4_v5_v6_v59_v60_v1_v2_v63_v1_v2_v3_v4_v66_v66_v1_v2_v3_v4_v5_v72_v1_v73_v74_v1_v75_v1_v2_v3_v79_v1_v2_v3_v4_v5_v6_v,95,train,37
v1_v1_v1_v1_v1_v1_v1_v1_v1_v1_v1_v1_v1_v13_v1_v2_v16_v1_v2_v3_v4_v5_v6_v23_v1_v25_v1_v2_v27_v1_v2_v30_v1_v32_v33_v1_v2_v35_v1_v37_v36_v1_v2_v38_v37_v1_v38_v39_v1_v41_v41_v42_v1_v44_v1_v46_v47_v48_v1_v2_v3_v4_v50_v1_v52_v1_v2_v55_v1_v57_v1_v2_v60_v1_v62_v1_v64_v1_v2_v67_v1_v2_v3_v4_v5_v6_v74_v1_v2_v77_v,91,train,38
v1_v2_v1_v2_v5_v1_v2_v3_v4_v5_v6_v12_v1_v2_v3_v4_v17_v1_v2_v3_v21_v1_v22_v,24,train,39
v1_v2_v1_v2_v3_v4_v5_v6_v7_v8_v11_v1_v2_v3_v4_v16_v1_v2_v3_v4_v21_v22_v23_v23_v24_v1_v2_v3_v4_v,30,train,40
v1_v1_v1_v1_v1_v1_v1_v1_v1_v1_v1_v12_v13_v1_v2_v3_v4_v5_v6_v20_v1_v20_v1_v2_v23_v1_v2_v3_v4_v5_v29_v1_v2_v3_v4_v5_v6_v7_v36_v1_v2_v3_v4_v5_v6_v7_v8_v9_v10_v11_v12_v13_v50_v1_v2_v3_v54_v1_v2_v3_v58_v57_v56_v1_v2_v59_v1_v2_v3_v63_v64_v1_v2_v3_v4_v69_v70_v71_v1_v71_v72_v73_v1_v75_v1_v2_v76_v1_v2_v3_v4_v,92,train,41
v1_v1_v1_v1_v1_v1_v6_v7_v1_v2_v3_v4_v5_v6_v7_v15_v14_v1_v2_v3_v4_v5_v19_v20_v1_v2_v3_v4_v5_v6_v27_v1_v2_v30_v1_v2_v3_v34_v1_v2_v35_v1_v2_v38_v1_v2_v41_v,48,train,42
v1_v1_v1_v1_v1_v1_v7_v1_v2_v3_v4_v5_v6_v7_v8_v9_v10_v11_v19_v1_v2_v3_v4_v24_v25_v26_v27_v1_v2_v30_v1_v2_v3_v4_v5_v6_v7_v37_v1_v38_v39_v1_v41_v1_v2_v3_v4_v5_v6_v7_v8_v9_v10_v11_v52_v1_v2_v55_v1_v2_v3_v4_v5_v6_v7_v61_v1_v,68,train,43
v1_v1_v1_v1_v1_v1_v1_v8_v8_v1_v10_v8_v9_v10_v1_v12_v13_v13_v14_v15_v1_v2_v18_v1_v19_v1_v2_v21_v1_v,30,train,44
v1_v1_v3_v4_v1_v2_v3_v4_v5_v6_v7_v8_v9_v13_v1_v2_v3_v4_v18_v1_v2_v3_v4_v5_v6_v7_v26_v26_v1_v2_v3_v4_v31_v32_v1_v34_v35_v1_v,39,train,45
v1_v2_v1_v2_v3_v4_v5_v6_v7_v8_v11_v12_v1_v2_v3_v4_v5_v6_v7_v8_v9_v10_v11_v12_v25_v,26,train,46
v1_v1_v1_v1_v1_v1_v7_v8_v1_v9_v1_v2_v11_v1_v2_v3_v4_v5_v6_v7_v8_v9_v10_v22_v1_v24_v1_v2_v25_v26_v1_v28_v29_v1_v2_v3_v33_v1_v35_v1_v2_v3_v4_v5_v6_v7_v8_v9_v44_v1_v45_v1_v2_v3_v,55,train,47
v1_v1_v2_v1_v4_v1_v2_v6_v1_v,10,train,48
v1_v1_v1_v1_v1_v1_v1_v7_v7_v8_v1_v2_v10_v1_v2_v3_v14_v1_v2_v3_v4_v19_v1_v2_v3_v4_v5_v6_v26_v26_v1_v2_v3_v4_v30_v1_v2_v3_v4_v5_v6_v7_v8_v9_v10_v11_v41_v1_v43_v,50,train,49
v1_v1_v1_v1_v1_v1_v7_v1_v7_v1_v9_v1_v11_v1_v2_v14_v1_v2_v17_v1_v18_v19_v1_v2_v3_v4_v24_v1_v2_v27_v1_v28_v1_v2_v3_v4_v5_v6_v7_v8_v9_v10_v39_v1_v41_v1_v2_v3_v4_v5_v46_v1_v48_v1_v50_v1_v2_v3_v4_v5_v6_v7_v58_v1_v2_v3_v4_v5_v6_v7_v,71,train,50
v1_v1_v1_v1_v1_v1_v1_v1_v1_v1_v1_v11_v11_v12_v1_v2_v3_v4_v5_v6_v19_v1_v2_v3_v4_v5_v25_v1_v26_v27_v1_v28_v1_v2_v31_v1_v32_v1_v2_v3_v4_v5_v36_v1_v37_v1_v39_v1_v2_v3_v42_v1_v2_v3_v4_v47_v48_v1_v2_v50_v1_v52_v1_v2_v55_v1_v2_v3_v4_v5_v60_v1_v2_v,74,train,51
v1_v1_v2_v3_v4_v1_v2_v7_v1_v9_v1_v11_v1_v2_v14_v1_v2_v3_v4_v19_v1_v2_v3_v4_v5_v,26,train,52
v1_v1_v1_v1_v1_v1_v1_v1_v1_v10_v1_v2_v3_v4_v5_v6_v16_v1_v18_v1_v2_v20_v1_v2_v23_v24_v1_v26_v1_v2_v3_v4_v5_v6_v7_v8_v9_v10_v37_v1_v39_v39_v38_v39_v40_v41_v1_v2_v3_v4_v45_v45_v1_v2_v3_v49_v50_v51_v1_v2_v3_v4_v5_v55_v56_v1_v2_v3_v60_v1_v2_v3_v4_v5_v6_v67_v,77,train,53
v1_v1_v1_v1_v1_v1_v7_v1_v2_v10_v1_v2_v12_v1_v2_v3_v4_v5_v6_v7_v20_v1_v2_v3_v4_v5_v26_v27_v1_v2_v3_v4_v5_v6_v34_v1_v2_v3_v4_v5_v6_v41_v1_v43_v1_v2_v46_v1_v2_v49_v1_v2_v3_v53_v1_v2_v3_v4_v5_v6_v60_v1_v2_v3_v63_v1_v2_v65_v1_v67_v68_v1_v2_v3_v4_v5_v74_v1_v2_v3_v78_v79_v77_v1_v2_v,86,train,54
v1_v1_v1_v1_v5_v6_v1_v2_v3_v4_v9_v10_v9_v,14,train,55
v1_v1_v1_v1_v1_v1_v1_v1_v1_v1_v11_v1_v11_v1_v13_v1_v2_v3_v4_v18_v1_v2_v3_v21_v1_v2_v23_v1_v2_v26_v1_v28_v1_v2_v3_v4_v5_v6_v35_v1_v2_v3_v4_v5_v40_v41_v1_v2_v3_v44_v45_v1_v2_v48_v1_v2_v51_v1_v52_v53_v1_v2_v3_v4_v57_v1_v2_v3_v4_v5_v62_v1_v63_v1_v,75,train,56
v1_v1_v1_v1_v1_v1_v1_v8_v1_v2_v3_v4_v5_v14_v1_v2_v3_v4_v5_v6_v21_v20_v1_v2_v3_v4_v25_v1_v2_v3_v4_v5_v6_v7_v31_v1_v33_v1_v2_v36_v1_v2_v3_v40_v1_v41_v1_v2_v44_v44_v1_v46_v47_v1_v49_v1_v2_v3_v4_v5_v6_v7_v8_v9_v10_v60_v60_v1_v62_v1_v2_v,72,train,57
v1_v1_v1_v1_v1_v1_v1_v1_v1_v1_v1_v11_v1_v13_v1_v2_v16_v15_v1_v2_v3_v4_v5_v6_v7_v23_v1_v25_v1_v27_v28_v29_v1_v2_v3_v4_v5_v34_v1_v2_v3_v4_v5_v6_v7_v8_v9_v44_v1_v2_v47_v46_v1_v2_v49_v1_v2_v52_v1_v2_v54_v1_v2_v3_v4_v59_v1_v2_v3_v4_v62_v1_v64_v1_v66_v66_v1_v2_v3_v4_v71_v1_v2_v3_v75_v1_v76_v1_v2_v3_v4_v5_v82_v1_v2_v,96,train,58
v1_v1_v1_v1_v5_v6_v6_v1_v2_v9_v1_v2_v3_v4_v5_v6_v7_v8_v9_v19_v1_v2_v3_v4_v5_v6_v7_v27_v1_v2_v3_v4_v5_v6_v7_v35_v36_v37_v1_v2_v3_v4_v5_v6_v7_v45_v1_v2_v47_v1_v2_v3_v50_v51_v1_v2_v3_v4_v5_v56_v1_v58_v1_v2_v3_v4_v5_v6_v65_v1_v67_v68_v1_v2_v3_v4_v5_v74_v1_v2_v3_v4_v5_v,84,train,59
v1_v1_v1_v1_v1_v5_v4_v5_v1_v2_v3_v4_v9_v10_v10_v1_v2_v3_v4_v5_v16_v17_v,23,train,60
v1_v1_v1_v1_v1_v1_v1_v1_v1_v1_v1_v11_v12_v1_v2_v3_v16_v1_v2_v3_v4_v20_v20_v21_v1_v23_v1_v2_v3_v4_v5_v6_v7_v29_v30_v1_v2_v3_v34_v34_v1_v2_v37_v38_v1_v40_v1_v2_v43_v43_v1_v2_v46_v46_v1_v2_v48_v1_v2_v3_v4_v5_v6_v7_v8_v57_v1_v59_v1_v59_v,71,train,61
v1_v1_v1_v1_v1_v1_v1_v1_v1_v10_v1_v12_v12_v1_v14_v14_v1_v2_v3_v4_v19_v1_v2_v3_v4_v23_v22_v22_v1_v2_v3_v25_v1_v27_v1_v2_v3_v4_v32_v1_v32_v1_v34_v1_v2_v3_v4_v,48,train,62
v1_v1_v1_v1_v1_v1_v1_v6_v1_v7_v1_v9_v1_v11_v1_v12_v12_v1_v2_v3_v4_v5_v16_v1_v18_v19_v1_v2_v3_v4_v5_v6_v26_v1_v2_v29_v30_v31_v32_v1_v2_v3_v,43,train,63
v1_v1_v1_v1_v1_v1_v1_v1_v1_v1_v1_v1_v13_v14_v1_v2_v3_v4_v5_v6_v21_v1_v23_v1_v24_v1_v2_v26_v27_v27_v1_v2_v28_v1_v2_v3_v31_v32_v32_v33_v1_v2_v3_v4_v5_v6_v40_v40_v41_v1_v2_v3_v4_v5_v6_v7_v8_v9_v51_v52_v1_v2_v53_v1_v2_v3_v57_v1_v2_v3_v4_v62_v1_v2_v3_v4_v5_v6_v68_v1_v70_v1_v2_v,84,train,64
v1_v1_v1_v4_v1_v2_v3_v8_v1_v2_v11_v1_v2_v3_v4_v15_v16_v1_v2_v3_v4_v5_v6_v23_v1_v2_v3_v4_v5_v6_v7_v8_v9_v10_v11_v12_v13_v14_v38_v1_v39_v1_v2_v3_v4_v44_v45_v1_v2_v3_v4_v5_v51_v52_v1_v54_v1_v2_v3_v57_v1_v59_v60_v1_v62_v1_v64_v1_v2_v3_v68_v,72,train,65
v1_v1_v1_v1_v1_v1_v1_v1_v1_v1_v1_v1_v1_v13_v1_v15_v1_v17_v1_v19_v1_v2_v3_v21_v1_v23_v1_v2_v3_v4_v5_v6_v30_v31_v32_v1_v34_v1_v2_v3_v4_v39_v1_v41_v42_v42_v1_v42_v1_v41_v41_v1_v42_v1_v44_v45_v46_v1_v2_v3_v48_v49_v1_v2_v,65,train,66
v1_v1_v1_v1_v1_v6_v1_v2_v3_v10_v7_v8_v1_v2_v3_v4_v13_v1_v2_v3_v4_v5_v6_v19_v,25,train,67
v1_v1_v1_v1_v1_v1_v1_v1_v1_v1_v1_v1_v1_v1_v12_v1_v13_v1_v2_v16_v16_v1_v2_v3_v4_v5_v6_v7_v8_v9_v22_v20_v21_v1_v21_v1_v2_v3_v4_v26_v27_v1_v29_v30_v,45,train,68
v1_v1_v1_v1_v1_v1_v7_v1_v2_v3_v4_v5_v6_v7_v14_v14_v15_v1_v2_v3_v4_v5_v18_v1_v2_v21_v1_v2_v3_v25_v25_v1_v,33,test,0
v1_v2_v3_v1_v2_v3_v4_v5_v6_v7_v8_v11_v1_v,14,test,1
v1_v1_v1_v1_v1_v1_v1_v8_v1_v10_v1_v12_v12_v1_v2_v15_v13_v1_v2_v3_v17_v1_v2_v19_v1_v21_v1_v2_v3_v4_v26_v1_v2_v3_v4_v5_v6_v32_v1_v34_v1_v2_v3_v4_v39_v1_v2_v3_v4_v5_v6_v46_v1_v2_v48_v1_v50_v,58,test,2
v1_v1_v1_v1_v1_v1_v1_v8_v1_v2_v3_v12_v1_v2_v15_v16_v1_v2_v3_v4_v5_v21_v1_v2_v3_v4_v5_v27_v1_v29_v30_v31_v32_v1_v2_v3_v4_v5_v6_v39_v1_v2_v3_v4_v5_v45_v46_v1_v2_v48_v48_v1_v50_v1_v52_v1_v2_v3_v4_v5_v6_v7_v8_v61_v1_v2_v64_v1_v2_v3_v4_v69_v1_v2_v70_v,76,test,3
v1_v1_v1_v1_v1_v6_v7_v1_v2_v9_v1_v2_v3_v4_v5_v6_v15_v1_v2_v3_v4_v19_v1_v21_v1_v22_v23_v24_v24_v1_v26_v27_v1_v29_v1_v31_v32_v33_v1_v2_v36_v,42,test,4
v1_v1_v1_v1_v1_v1_v7_v1_v2_v3_v11_v1_v2_v3_v4_v5_v6_v17_v1_v19_v1_v2_v22_v1_v24_v25_v1_v27_v28_v1_v2_v3_v4_v5_v34_v1_v36_v37_v37_v1_v39_v1_v41_v1_v42_v1_v2_v45_v1_v2_v3_v4_v5_v50_v1_v2_v53_v54_v55_v56_v56_v1_v58_v1_v2_v61_v1_v2_v3_v4_v65_v,72,test,5
v1_v1_v3_v4_v1_v2_v3_v4_v5_v6_v10_v11_v12_v1_v2_v3_v4_v5_v6_v7_v8_v21_v21_v1_v2_v3_v4_v5_v6_v28_v1_v2_v3_v4_v5_v6_v7_v36_v37_v1_v2_v3_v4_v5_v,45,test,6
v1_v1_v1_v1_v1_v1_v1_v8_v1_v2_v3_v12_v13_v1_v14_v13_v1_v2_v3_v4_v17_v17_v1_v2_v3_v20_v1_v22_v1_v24_v25_v1_v2_v3_v4_v5_v6_v7_v32_v1_v34_v35_v1_v2_v3_v4_v5_v6_v42_v1_v,51,test,7
v1_v1_v1_v1_v1_v1_v7_v7_v1_v2_v3_v4_v5_v6_v14_v1_v15_v16_v1_v2_v3_v20_v1_v20_v19_v20_v1_v22_v1_v2_v3_v4_v5_v6_v7_v,36,test,8
v1_v1_v1_v1_v1_v6_v1_v2_v3_v4_v5_v6_v7_v13_v11_v1_v2_v14_v1_v2_v3_v4_v5_v20_v1_v2_v23_v1_v,29,test,9
v1_v1_v1_v1_v1_v1_v7_v1_v9_v1_v10_v1_v2_v3_v4_v15_v1_v17_v1_v2_v3_v4_v5_v6_v7_v23_v1_v2_v3_v4_v5_v6_v7_v8_v9_v10_v11_v12_v35_v1_v2_v3_v4_v5_v6_v7_v8_v44_v44_v1_v2_v3_v4_v5_v6_v7_v8_v52_v53_v1_v2_v56_v1_v2_v3_v4_v5_v6_v7_v64_v65_v1_v67_v1_v2_v70_v71_v1_v73_v1_v2_v3_v4_v,84,test,10
